Product Name,Category,Cost Price,Selling Price,Quantity,Expiry Date (YYYY-MM-DD),Reorder Level
EVER SHEEN LOT M/S,LOTION,,30.00,5,,
EVER SHEEN LOT B/S,LOTION,,38.00,14,,
EVERSHEEN LOT S/S,LOTION,,18.00,29,,
EVERSHEEN CR S/S,LOTION,,15.00,16,,
EVERSHEEN CR B/S,LOTION,,27.00,9,,
QUEEN ELIZABETH LOT B/S,LOTION,,36.00,0,,
QUEEN ELIZABETH LOT M/S,LOTION,,26.00,3,,
QUEEN ELIZABETH LOT S/S,LOTION,,14.00,1,,
QUEEN ELIZABETH CR S/S,LOTION,,12.00,28,,
QUEEN ELIZABETH CR M/S,LOTION,,22.00,21,,
QUEEN ELIZABETH CR B/S,LOTION,,36.00,1,,
SKIN TOUCH COCOA BUTTER LOT S/S,LOTION,,18.00,12,,
BELLA LOT B/S,LOTION,,38.00,6,,
BELLA LOTS/S,LOTION,,14.00,18,,
DERMA SKIN LOT B/S,LOTION,,18.00,11,,
DERMA SKIN LOT S/S,LOTION,,14.00,20,,
COCOA CARE LOT B/S,LOTION,,18.00,3,,
COCOA CARE LOT S/S,LOTION,,12.00,5,,
TENDRINA LOT B/B,LOTION,,25.00,3,,
TENDRINA LOT S/S,LOTION,,14.00,10,,
TENDRINA CR S/S,CREAM,,12.00,11,,
TENDRINA CR B/S,CREAM,,25.00,1,,
HABIBA CR S/S,CREAM,,12.00,17,,
HABIBA CR B/S,CREAM,,17.00,20,,
SISTER POMADE CR S/S,CREAM,,8.00,23,,
SISTER POMADE CR M/S,CREAM,,13.00,7,,
SISTER POMADE CR B/S,CREAM,,24.00,2,,
GET ME CR S/S,CREAM,,5.00,165,,
GET ME CR B/S,CREAM,,10.00,32,,
GET ME LOT,LOTION,,18.00,15,,
PAWPAW LOT S/S,LOTION,,24.00,4,,
PAWPAW LOT M/S,LOTION,,30.00,4,,
PAWPAW LOT B/S,LOTION,,42.00,5,,
DODO LOT,LOTION,,25.00,6,,
MY WAY CR S/S,CREAM,,5.00,24,,
SILVER LINE CR S/S,CREAM,,7.00,4,,
SILVER LINE CR M/S,CREAM,,12.00,12,,
SILVER LINE CR B/S,CREAM,,18.00,11,,
SILVER LINE LOT,CREAM,,12.00,5,,
PAWPAW BOOSTER,BOOSTER,,5.00,56,,
PRINCESS COCOA PAA S/S,CREAM,,10.00,11,,
PRINCESS COCOA PAA CR M/S,CREAM,,16.00,0,,
PRINCESS COCOA PAA CR B/S,CREAM,,25.00,3,,
LEMON PAA PRINCESS CR S/S,CREAM,,10.00,12,,
LEMON PAA PRINCESS CR M/S,CREAM,,16.00,4,,
LEMON PAA PRINCESS CR B/S,CREAM,,25.00,4,,
CARROT PAA CR S/S,CREAM,,10.00,12,,
CARROT PAA CR M/S,CREAM,,16.00,3,,
CARROT PAA CR B/S,CREAM,,25.00,1,,
ALOE PAA CR S/S,CREAM,,10.00,12,,
ALOE PAA CR M/S,CREAM,,16.00,4,,
ALOE PAA CR B/S,CREAM,,25.00,0,,
STYLE UP LOT S/S,LOTION,,12.00,12,,
STYLE UP LOT B/S,LOTION,,18.00,8,,
QUEEN CLEAR LOT B/S,LOTION,,34.00,2,,
CARROTIS LOT,LOTION,,25.00,66,,
SOLDIER BALM CR,CREAM,,10.00,6,,
SIVODERM,CREAM,,14.00,7,,
CAROTONE CR S/S,CREAM,,14.00,11,,
CAROTONE CR B/S,CREAM,,28.00,6,,
CAROTONE LOT S/S,LOTION,,20.00,12,,
CAROTONE LOT M/S,LOTION,,26.00,3,,
CAROTONE LOT B/S,LOTION,,40.00,1,,
COCO DERM CR S/S,CREAM,,14.00,12,,
COCO DERM CR B/S,CREAM,,26.00,6,,
COCO DERM LOT S/S,LOTION,,25.00,3,,
COCO DERM LOT B/S,LOTION,,45.00,3,,
CLAIRMEN LOT S/S,LOTION,,20.00,2,,
CLAIRMEN LOT M/S,LOTION,,26.00,3,,
CLAIRMEN LOT B/S,LOTION,,40.00,3,,
CARO WHITE LOT S/S,LOTION,,20.00,5,,
CARO WHITE LOT M/S,LOTION,,26.00,7,,
CARO WHITE LOT B/S,LOTION,,40.00,3,,
BIO SKIN LOT S/S,LOTION,,13.00,2,,
BIO SKIN LOT B/S,LOTION,,18.00,3,,
WHITE SECRET LOT S/S,LOTION,,24.00,7,,
WHITE SECRET LOT M/S,LOTION,,34.00,13,,
WHITE SECRETE LOT B/S,LOTION,,45.00,4,,
WHITE SECRET FACE CR,CREAM,,15.00,8,,
WHITE SECRETE SERUM,CREAM,,20.00,0,,
WHITE SECRETE OIL,CREAM,,12.00,13,,
CLAIRLISS LOT S/S,LOTION,,12.00,4,,
CLAIRLISS LOT M/S,LOTION,,23.00,3,,
CLAIRLISS CR S/S,CREAM,,14.00,6,,
CLAIRLISS CR M/S,CREAM,,18.00,6,,
CLAIRLISS CR B/S,CREAM,,28.00,6,,
CT PLUS LOT M/S,LOTION,,34.00,0,,
JOANNA CR S/S,CREAM,,10.00,12,,
JOANNA CR B/S,CREAM,,28.00,6,,
JOANNA CR M/S,CREAM,,18.00,6,,
DAY BY DAY CR S/S,CREAM,,8.50,4,,
DAY BY DAY CR M/S,CREAM,,18.00,0,,
DAY BY DAYT CR B/S,CREAM,,28.00,3,,
BIO CARROT LOT,LOTION,,13.00,3,,
TENDER WHITE LOT,LOTION,,22.00,2,,
PRECIOUS PERFECT LOT,LOTION,,30.00,3,,
LEMON CLEAR LOT S/S,LOTION,,22.00,5,,
LEMON CLEAR LOT B/S,LOTION,,36.00,1,,
PURE WHITE GOLD LOT S/S,LOTION,,30.00,0,,
PURE WHITE GOLD LOT B/S,LOTION,,58.00,2,,
PRINCESS PREMIUM COCOA LOT S/S,LOTION,,14.00,3,,
PRINCESS PREMIUM COCOA LOT B/S,LOTION,,18.00,2,,
PRINCESS PREMIUM ALOE LOT S/S,LOTION,,14.00,3,,
PRINCESS PREMIUM ALOE LOT B/S,LOTION,,18.00,4,,
PRINCESS PREMIUM LEMON LOT S/S,LOTION,,14.00,0,,
PRINSCESS PREMIUM LEMON LOT B/,LOTION,,18.00,4,,
PERFECT WHITE LOT,LOTION,,30.00,4,,
PRINCESS PREMIUM CARROT LOT B/S,LOTION,,18.00,4,,
ACTIVE MAN CR M/S,CREAM,,12.00,16,,
ACTIVE MAN LOT,LOTION,,17.00,9,,
ACTIVE WOMAN LOT,LOTION,,17.00,10,,
PURE SKIN CR S/S,CREAM,,10.00,6,,
COCOA BUTTER FANTASY CR,CREAM,,20.00,28,,
BEBE AND MAMA CR S/S,CREAM,,10.00,5,,
BEBE AND MAMA CR M/S,CREAM,,22.00,4,,
BEBE AND MAMA CR B/S,CREAM,,39.00,7,,
IDEAL MEN LOT,LOTION,,20.00,54,,
GIV LOT,LOTION,,20.00,22,,
OLIVE OIL HAIR SPRAY,SPRAY,,50.00,8,,
ONE STEP SPIRITZ S/S,Uncategorized,,48.00,1,,
SIMPLY SMART SPIRITZ,Uncategorized,,34.00,0,,
SAIRO HAIR SPRAY,SPRAY,,45.00,4,,
X BLOCK STYLING GEL,GEL,,30.00,2,,
INDIAN HEMP KUZA,Uncategorized,,40.00,7,,
CHAPTER 2000 S/S,Uncategorized,,10.00,3,,
CHAPTER 2000 M/S,Uncategorized,,38.00,1,,
CHAPTER 2000 B/S,Uncategorized,,60.00,1,,
SHEA BUTTER SPIRITZ,Uncategorized,,65.00,1,,
SHEA BUTTER MOUSSE,Uncategorized,,68.00,2,,
SHEA BUTTER LEAVE IN,Uncategorized,,110.00,1,,
SHEA BUTTER RELAXER,RELAXER,,112.00,1,,
OLIVE OIL RELAXER,RELAXER,,105.00,1,,
MEGA GROWTH RELAXER,RELAXER,,78.00,1,,
BROOKLYN RELAXER,RELAXER,,85.00,0,,
OPTIMAL RELAXER S/S,RELAXER,,12.00,12,,
OPTIMAL RELAXER M/S,RELAXER,,22.00,3,,
OPTIMAL RELAXER B/S,RELAXER,,38.00,1,,
KURL KEEPER,Uncategorized,,17.00,3,,
APPLE HAIR FOOD,Uncategorized,,14.00,15,,
CURL ACTIVATOR S/S,Uncategorized,,8.00,12,,
CURL ACTIVATOR B/S,Uncategorized,,20.00,0,,
PRECIOUS HAIR FOOD S/S,Uncategorized,,10.00,16,,
PRECIOUS HAIR FOOD M/S,Uncategorized,,30.00,6,,
PRECIOUS HAIR FOOD B/S,Uncategorized,,45.00,1,,
MAXIM TWIST AND CURL,Uncategorized,,22.00,1,,
MAXIM GEL S/S,GEL,,8.00,140,,
SIBI SOAP,SOAP,,20.00,0,,
SUBARU HAIR DYE,Uncategorized,,4.00,4,,
SKIN SOFT POWDER S/S,POWDER,,5.00,10,,
SKIN SOFT POWDER B/S,POWDER,,10.00,6,,
SISTER POWDER S/S,POWDER,,5.00,22,,
SISTER POWDER B/S,POWDER,,12.00,12,,
BABY POWDER S/S,POWDER,,5.00,30,,
BABY POWDER M/S,POWDER,,10.00,11,,
SOLDIER POWDER,POWDER,,8.00,4,,
TOP COUNTRY POWDER S/S,POWDER,,12.00,2,,
TOP COUNTRY POWDER,POWDER,,18.00,1,,
STAY POWDER S/S,POWDER,,15.00,20,,
STAY POWDER B/S,POWDER,,24.00,3,,
PASSION POWDER B/S,POWDER,,20.00,2,,
PASSION POWDER S/S,POWDER,,3.00,5,,
PASSION POWDER M/S,POWDER,,10.00,10,,
SILVER LINE POWDER,POWDER,,12.00,3,,
PRINCESS POWDER,POWDER,,12.00,12,,
PRINCESS POWDER B/S,POWDER,,18.00,1,,
SKIN CLINIQUE POWDER M/S,POWDER,,12.00,23,,
MP3 POWDER M/S,POWDER,,12.00,11,,
SOO PURE LOT,LOTION,,18.00,8,,
LIGHT UP LOT S/S,LOTION,,22.00,3,,
LIGHT UP LOT B/S,LOTION,,38.00,2,,
A.B.C RELAXER S/S,RELAXER,,10.00,5,,
A.B.C RELAXER M/S,RELAXER,,22.00,2,,
A.B.C RELAXER B/S,RELAXER,,58.00,1,,
UB RELAXER S/S,RELAXER,,10.00,8,,
UB RELAXER M/S,RELAXER,,22.00,3,,
UB RELAXER M/S2,RELAXER,,27.00,2,,
UB RELAXER B/S,RELAXER,,60.00,2,,
BO 16 RELAXER S/S,RELAXER,,10.00,10,,
BO 16 RELAXER M/S,RELAXER,,20.00,6,,
BO 16 RELAXER B/S,RELAXER,,58.00,1,,
CLASSIC HAIR FOOD S/S,Uncategorized,,10.00,7,,
CLASSIC HAIR FOODB/S,Uncategorized,,20.00,6,,
SPORTING BLACK MAGIC,Uncategorized,,12.00,12,,
RASTA COOL,Uncategorized,,14.00,6,,
AFRO STAR,Uncategorized,,14.00,12,,
AFRO POUCH,Uncategorized,,14.00,6,,
VITAL HAIR S/S,Uncategorized,,15.00,10,,
VITAL HAIR B/S,Uncategorized,,24.00,4,,
CHAN CHAN BLACK,Uncategorized,,10.00,6,,
ECO GEL,GEL,,30.00,4,,
STYLE UP HAIR,Uncategorized,,17.00,9,,
AIR CREAM,CREAM,,15.00,20,,
SPORTING WAVES,Uncategorized,,42.00,2,,
WAVES S/S,Uncategorized,,15.00,5,,
WAVES B/S,Uncategorized,,28.00,5,,
CHAPTER 2000 CHAMBERS S/S,Uncategorized,,18.00,1,,
CHAPTER 2000 CHAMBERS M/S,Uncategorized,,28.00,4,,
CHAPTER 2000 CHAMBERS B/S,Uncategorized,,38.00,3,,
SUPER WAVE HAIR TREATMENT,Uncategorized,,18.00,5,,
EASY WAVE RELAXER S/S,RELAXER,,17.00,6,,
EASY WAVE RELAXER M/S,RELAXER,,28.00,4,,
EASY WAVE RELAXER B/S,RELAXER,,40.00,3,,
BIO OIL,Uncategorized,,25.00,3,,
CAROTONE FACE CREAM,CREAM,,12.00,11,,
ABANA FACE CREAM,CREAM,,12.00,5,,
ACNE CLEAR TUBE,Uncategorized,,17.00,0,,
FUNBACT A,Uncategorized,,10.00,16,,
COMBACT N,Uncategorized,,9.00,2,,
OLAYBACT TUBE,Uncategorized,,10.00,9,,
EPIDERM S/S,Uncategorized,,6.00,11,,
EPIDERM B/S,Uncategorized,,9.00,3,,
HABIGAIL TUBE,Uncategorized,,10.00,4,,
TIATIO SERUM,Uncategorized,,15.00,0,,
CITRO CLEAR SERUM,Uncategorized,,15.00,6,,
VIRGIN HAIR FERTILIZER,Uncategorized,,22.00,0,,
NANO EXTRA WHITE SOAP,SOAP,,28.00,0,,
NATURES MAGIC LOT,LOTION,,50.00,3,,
DOMINION VISIBLE BODY LOT,LOTION,,40.00,1,,
IRISH GOLD LOT,LOTION,,38.00,15,,
UNIFORM WHITE LOT,LOTION,,45.00,2,,
PARIS GLOW LOT,LOTION,,45.00,1,,
WHITE AND LOVELY LOT,LOTION,,45.00,1,,
NOMARKS LOT,LOTION,,40.00,1,,
GLUTA WHITE LOT,LOTION,,40.00,2,,
WHITE UP LOT,LOTION,,35.00,12,,
BRONZTONE LOT B/S,LOTION,,40.00,4,,
BRONZTONE LOT S/S,LOTION,,28.00,4,,
B.B CLEAR LOT,LOTION,,40.00,0,,
B.B CLEAR FACE CREAM,CREAM,,22.00,4,,
B.B CLEAR SERUM,Uncategorized,,25.00,5,,
B.B CLEAR OIL,Uncategorized,,20.00,2,,
RICH AND PURE LOT,LOTION,,38.00,5,,
ALMOND HERBAL LOT,LOTION,,55.00,0,,
UNIQUE BODY LOT,LOTION,,50.00,1,,
GOLD SKIN LOT,LOTION,,28.00,12,,
ABANA LOT,LOTION,,27.00,2,,
BRAVIA LOT,LOTION,,28.00,3,,
BODY FASHION LOT S/S,LOTION,,30.00,3,,
BODY FASHION LOT B/S,LOTION,,42.00,1,,
SKIN TONING MILK LOT,LOTION,,75.00,6,,
DR. RASHEL FACE CR,CREAM,,45.00,0,,
DR. RASHEL FACE SERUM,Uncategorized,,45.00,3,,
FAIR CHILD LOT,LOTION,,45.00,31,,
SURFAZ - SN,Uncategorized,,25.00,0,,
D.E.S LOT S/S,LOTION,,28.50,1,,
D.E.S LOT B/S,LOTION,,50.00,2,,
AVOVITA LOT S/S,LOTION,,18.00,4,,
AVOVITA LOT B/S,LOTION,,24.00,0,,
FADE MILK LOT,LOTION,,35.00,4,,
GOLD OLIVE LOT,LOTION,,48.00,6,,
WHITE UP (,Uncategorized,,35.00,1,,
EDAT WHITE LOT,LOTION,,35.00,2,,
BODY ECHO LOT,LOTION,,75.00,2,,
MUST WHITE LOT,LOTION,,38.00,3,,
ACTIVE WHITE LOT,LOTION,,45.00,0,,
SMOOTH LOOK LOT,LOTION,,50.00,2,,
TOPTONE - WHITE LOT,LOTION,,48.00,2,,
PERFECT SKIN LOT,LOTION,,50.00,1,,
RECOVERY OIL,Uncategorized,,38.00,8,,
LIGHTEN UP PLUS LOT,LOTION,,220.00,2,,
CLEAR LIGHT LOT,LOTION,,48.00,2,,
NATUER SECRETE LOT,LOTION,,35.00,3,,
PURE KOJIC WHITE LOT,LOTION,,34.00,1,,
OMEGA SUPER CLEAR LOT,LOTION,,65.00,3,,
VEVO LOT S/S,LOTION,,28.00,3,,
VEVO LOT B/S,LOTION,,48.00,2,,
ALWAYS YOUNG LOT,LOTION,,30.00,0,,
ALWAYS YOUNG CR,CREAM,,40.00,3,,
TEENS AND KIDDIES LOT,LOTION,,45.00,4,,
DAWMMY LOT,LOTION,,18.00,5,,
SKIN LIGHT GIUTAC LOT,LOTION,,48.00,1,,
7/7 GOLD LOT,LOTION,,25.00,4,,
RAZAC LOT,LOTION,,30.00,5,,
NUMBER 1 LOT S/S,LOTION,,28.00,6,,
GIRLFRIEND LOT,LOTION,,40.00,1,,
VASELINE COCOA LOT,LOTION,,38.00,2,,
VASELINE DRY SKIN LOT,LOTION,,38.00,6,,
VASELINE ALOE LOT,LOTION,,38.00,2,,
VASELINE MEN LOT,LOTION,,38.00,2,,
PERFECT MEN LOT,LOTION,,20.00,8,,
NIVEA MEN LOT,LOTION,,65.00,0,,
NIVEA COCOA AND ALOE LOT,LOTION,,65.00,8,,
NIVEA RICH NOURISHING LOT,LOTION,,65.00,4,,
NIVEA Q 12 LOT,LOTION,,75.00,1,,
NIVEA PERFECT AND RADIANT LOT,LOTION,,65.00,0,,
NIVEA RADIANT AND BEAUTY AND VC,Uncategorized,,80.00,3,,
DAY BY DAY LOT S/S,LOTION,,10.00,16,,
DAY BY DAY LOT M/S,LOTION,,20.00,9,,
DAY BY DAY LOT B/S,LOTION,,25.00,3,,
EFFIMAX LOT S/S,LOTION,,22.00,1,,
EFFIMAX LOT B/S,LOTION,,39.00,1,,
EFFIMAX SOAP,SOAP,,10.00,6,,
EFFIMAX CONCENTRATION,Uncategorized,,30.00,1,,
DOVE LOT,LOTION,,38.00,4,,
JOHNSON LOT,LOTION,,65.00,0,,
DAY BY DAY MEN LOT,LOTION,,12.00,10,,
DAY BY DAY MEN LOT B/S,LOTION,,22.00,5,,
VASELINE CR S/S,CREAM,,20.00,7,,
VASELINE CR B/S,CREAM,,35.00,6,,
DISAAR OIL,Uncategorized,,60.00,3,,
VASELINE VITAMIN B3 OIL,Uncategorized,,120.00,1,,
CLINIC CLEAR LOT S/S,LOTION,,23.00,0,,
CLINIC CLEAR LOT B/S,LOTION,,42.00,1,,
VIVA WHITE LOT S/S,LOTION,,18.50,12,,
VIVA WHITE LOT B/S,LOTION,,29.00,3,,
BABY SECRETLOT,LOTION,,85.00,1,,
V22 LOT,LOTION,,80.00,0,,
V22 FACE CREAM,CREAM,,24.00,3,,
WHITE EXPRESS LOT,LOTION,,60.00,1,,
COSMO LOT,LOTION,,38.00,3,,
VETGOLD OIL S/S,Uncategorized,,90.00,0,,
VETGOLD OIL B/S,Uncategorized,,150.00,3,,
GOLDEN GLOW LOT,LOTION,,140.00,1,,
MEDIX LOT,LOTION,,270.00,0,,
FAIR LADY LOT,LOTION,,120.00,1,,
DR TEALS BODY LOT,LOTION,,120.00,2,,
VC LOT,LOTION,,85.00,1,,
PURE CARROT LOT,LOTION,,95.00,1,,
G7 GOLD LOT,LOTION,,80.00,2,,
EDAT TOTAL LOT,LOTION,,150.00,2,,
EB PARIS LOT,LOTION,,95.00,5,,
18K PARIS GOLD LOT,LOTION,,95.00,0,,
DR.RASHEL 24K GOLD LOT,LOTION,,95.00,1,,
DIAMOND GLOW LOT,LOTION,,110.00,7,,
MAKE ME WHITE LOT,LOTION,,120.00,2,,
EASY GLOW LOT,LOTION,,110.00,3,,
SMOOTH DIAMOND LOT,LOTION,,140.00,4,,
EGYPTIAN HALF CAST LOT,LOTION,,100.00,0,,
PURE MAX LOT,LOTION,,95.00,1,,
BELLA WHITE (KOJIC WHITE) LOT,LOTION,,100.00,2,,
MOROCCAN ARGAN OIL BODY LOT,LOTION,,100.00,2,,
EUROPEAN WHITE CARROT LOT,LOTION,,120.00,2,,
LUMINANCE BODY LOT,LOTION,,85.00,2,,
GOLDEN CAVIAR LOT,LOTION,,80.00,1,,
SKIN DOCTOR LOT,LOTION,,85.00,4,,
CARETONE LOT S/S,LOTION,,22.00,3,,
CARETONE LOT B/S,LOTION,,44.00,4,,
STAY YOUNG CR B/S,CREAM,,35.00,2,,
STAY YOUNG CR M/S,CREAM,,18.00,6,,
STAY YOUNG CR M/S2,CREAM,,19.00,1,,
KLEEN CLEANSER,Uncategorized,,25.00,0,,
ROBERT GLYCERINE S/S,Uncategorized,,12.00,14,,
ROBERT GLYCERINE B/S,Uncategorized,,20.00,8,,
OLIVE OIL,Uncategorized,,10.00,11,,
MEDISOFT REPELLENT,Uncategorized,,12.00,8,,
KRIS LOT S/S,LOTION,,7.00,2,,
JOY OINTMENT,Uncategorized,,9.00,9,,
BO 16 HAIR MIST,Uncategorized,,12.00,6,,
CUSSON OIL S/S,Uncategorized,,10.00,0,,
CUSSON OIL B/S,Uncategorized,,18.00,13,,
EFFIMAX Q10 OIL,Uncategorized,,16.00,5,,
JOHNSON OIL,Uncategorized,,69.00,2,,
NAZO,Uncategorized,,5.00,117,,
SKIN LIGHT CR,CREAM,,18.00,3,,
LULU CR,CREAM,,7.00,6,,
DIPROSON,Uncategorized,,8.50,6,,
NULAB ROLL ON,ROLL ON,,20.00,5,,
BODY SPLASH S/S,Uncategorized,,12.00,85,,
BODY PHILOSOPHY B/S,Uncategorized,,30.00,26,,
MISS SPRAY,SPRAY,,10.00,13,,
VIP SPRAY,SPRAY,,10.00,12,,
SENS,Uncategorized,,10.00,8,,
INCIDENCE SPRAY S/S,SPRAY,,15.00,23,,
DAGMAR SPRAY S/S,SPRAY,,15.00,5,,
MARQUISE BLUE SPRAY S/S,SPRAY,,15.00,17,,
PUER LOVE TIN SPRAY,SPRAY,,28.00,3,,
BERRIES WEEKEND TIN SPRAY,SPRAY,,25.00,0,,
TONY M SRRAY,Uncategorized,,30.00,2,,
PERFECT LINE SPRAY,SPRAY,,24.00,9,,
PERFECT LINE TIN SPRAY,SPRAY,,12.00,6,,
GENTLE MAN TIN SPLASH,Uncategorized,,10.00,8,,
VITAMIN C OIL,Uncategorized,,28.00,0,,
VITAMIN E OIL,Uncategorized,,38.00,1,,
LOVILLEA,Uncategorized,,12.00,31,,
FAR AWAY ROLL ON,ROLL ON,,12.00,1,,
TIMELESS ROLL ON,ROLL ON,,12.00,1,,
STYLE UP ROLL ON,ROLL ON,,12.00,6,,
PRINCESS PAA ROLL 0N,Uncategorized,,12.00,12,,
CONET ROLL ON,ROLL ON,,26.00,1,,
NIVEA ROLL ON,ROLL ON,,25.00,5,,
POWER HOUSE ROLL ON,ROLL ON,,20.00,5,,
DOVE ROLL ON,ROLL ON,,20.00,4,,
REXONA ROLL ON,ROLL ON,,20.00,4,,
SPA ROLL ON,ROLL ON,,12.00,10,,
MISTER PERFECT ROLL ON,ROLL ON,,12.00,11,,
MATELOT ROLL ON,ROLL ON,,12.00,14,,
TOP COUNTRY ROLL ON S/S,ROLL ON,,14.00,6,,
TOP COUNTRY ROLL ON M/S,ROLL ON,,16.00,7,,
TOP COUNTRY ROLL ON B/S,ROLL ON,,18.00,1,,
CHAIRMAN SPRAY S/S,SPRAY,,15.00,8,,
SPRING FLOWER ROLL ON,ROLL ON,,12.00,13,,
SWEET HEART ROLL ON,ROLL ON,,12.00,5,,
COUNTRY ROAD ROLL ON,ROLL ON,,12.00,9,,
MY DOLLAR ROLL ON,ROLL ON,,12.00,3,,
TOUCH,Uncategorized,,9.00,12,,
YURI SPRAY,SPRAY,,14.00,10,,
SPALDING SPRAY,SPRAY,,14.00,9,,
MALIZIA DEO SPRAY S/S,SPRAY,,40.00,4,,
MALIZIA DEO SPRAY B/S,SPRAY,,44.00,2,,
"OPHYLIA, AVENTOS AND ZARA MAN TIN",Uncategorized,,35.00,3,,
HOTICE,Uncategorized,,28.00,2,,
DEO SPRAY,SPRAY,,28.00,10,,
RIGGS LONDON DEO SPRAY,SPRAY,,40.00,1,,
MONOGOTASMORA SPRAY,SPRAY,,28.00,4,,
BE TRES SPRAY,SPRAY,,28.00,4,,
DEAR BODY SPRAY,SPRAY,,18.00,1,,
BARAKAT SPRAY B/S,SPRAY,,150.00,1,,
OPHELIA SPRAY S/S,SPRAY,,35.00,1,,
PROFESSIONAL SPRAY,SPRAY,,20.00,5,,
ELEMENT SPRAY S/S,SPRAY,,30.00,11,,
ELEMENT SPRAY B/S,SPRAY,,45.00,11,,
DEAL SPRAY,SPRAY,,75.00,1,,
INDOMPTABLE SPRAY,SPRAY,,38.00,3,,
RICH SPRAY,SPRAY,,70.00,1,,
GENTLEMAN SPRAY,SPRAY,,40.00,5,,
EMERGENCY SPRAY,SPRAY,,35.00,3,,
MISTER PERFECT SPRAY,SPRAY,,65.00,4,,
MR N MRS PERFECT SPRAY,SPRAY,,65.00,7,,
MIYAKE SPRAY,SPRAY,,60.00,1,,
GLOBAL MAN SPRAY,SPRAY,,70.00,1,,
SALVANG,Uncategorized,,70.00,1,,
DAGMAR SPRAY B/S,SPRAY,,85.00,1,,
SMART SPRAY,SPRAY,,75.00,2,,
SMART BLACK SPRAY,SPRAY,,140.00,2,,
MOUSUF SPRAY,SPRAY,,190.00,2,,
BELIEVE SPRAY,SPRAY,,130.00,0,,
MATELOT SPRAY,SPRAY,,150.00,8,,
DAMA DE ORO SPRAY,SPRAY,,65.00,1,,
CHOCHO SOAP,SOAP,,10.00,4,,
CHOCHO CR,CREAM,,18.00,0,,
NANO FACE CR,CREAM,,18.00,2,,
ABONIKI,Uncategorized,,9.00,4,,
NOMARKS FACE CR,CREAM,,40.00,1,,
MAKE ME WHITE FACE CR,CREAM,,40.00,2,,
PARLEY FACE CR,CREAM,,60.00,3,,
X5 GOLD FACE CR,CREAM,,40.00,0,,
KOJIC CLEAN FACE CR,CREAM,,35.00,1,,
VETGOLD FACE CR,CREAM,,40.00,1,,
BABY FACE CR,CREAM,,45.00,0,,
MILANO FACE CR,CREAM,,45.00,0,,
AMIS FACE CR,CREAM,,55.00,1,,
V22 CARROT FACE CR,CREAM,,48.00,2,,
AMIS HALF CAST FACE CR,CREAM,,65.00,1,,
BELLE VIE SOAP,SOAP,,35.00,0,,
TEA TREE FOAMING WASH,Uncategorized,,35.00,11,,
TEA TREE TONER,Uncategorized,,35.00,5,,
TEA TREE FACIAL SCRUB,Uncategorized,,35.00,9,,
VITAMIN C FACIAL SCRUB,Uncategorized,,35.00,6,,
VITAMIN C MOISTURISER,Uncategorized,,35.00,0,,
FEBREZE AIR MIST,Uncategorized,,40.00,1,,
TEA TREE CLEANING WIPE,Uncategorized,,23.00,1,,
KILIT INSECTICIDE,Uncategorized,,35.00,7,,
HEAVEN INSECTICIDE,Uncategorized,,38.00,20,,
GS 77 SHAMPOO,Uncategorized,,40.00,2,,
BODMAN SPRAY,SPRAY,,55.00,0,,
BELIEVE SPRAY(BAG),SPRAY,,150.00,1,,
SURE MEN,Uncategorized,,40.00,2,,
SURE WOMEN,Uncategorized,,40.00,3,,
DOVE MEN,Uncategorized,,40.00,6,,
DOVE WOMEN,Uncategorized,,40.00,3,,
RIGHT GUARD,Uncategorized,,40.00,0,,
V ONE,Uncategorized,,30.00,7,,
REXONA MEN,Uncategorized,,38.00,19,,
REXONA WOMEN,Uncategorized,,38.00,12,,
VIBE SPRAY,SPRAY,,30.00,4,,
GALAXY SPRAY,SPRAY,,35.00,7,,
MATELOT DOE SPRAY,SPRAY,,48.00,5,,
NIVEA MEN SPRAY B/S,SPRAY,,60.00,1,,
NIVEA MEN SPRAY M/S,SPRAY,,55.00,2,,
NIVEA MEN SPRAY S/S,SPRAY,,45.00,1,,
TODAY FAMINE WASH,Uncategorized,,22.00,1,,
ASANTE FACE CR,CREAM,,50.00,0,,
DR. RASHEL ANTI-AGING SUNSCREEN,Uncategorized,,45.00,2,,
DOVE BAR SOAP,SOAP,,50.00,2,,
SAIRO BABY SHAMPOOING,Uncategorized,,28.00,7,,
SAIRO ROUND SHOWER,Uncategorized,,40.00,2,,
SAIRO FAMILY,Uncategorized,,28.00,5,,
CARO WHITE GEL S/S,GEL,,24.00,4,,
PERFECT WHITE GEL S/S,GEL,,40.00,2,,
CARO WHITE GEL B/S,GEL,,40.00,3,,
AURATA GEL,GEL,,18.00,2,,
WHITE SECRET GEL S/S,GEL,,24.00,6,,
WHITE SECRET GEL B/S,GEL,,40.00,3,,
ALWAYS YOUNG GEL,GEL,,40.00,1,,
BRAVIA SHOWER GEL,GEL,,28.00,2,,
BERMIE BRAND GEL,GEL,,85.00,1,,
DOVE SHOWER GEL,GEL,,80.00,0,,
PAPAYA SHOWER GEL,GEL,,120.00,2,,
QUICK WHITE SHOWER GEL,GEL,,120.00,2,,
GLUTA WHITESHOWER GEL B/S,GEL,,110.00,6,,
MILMIL SHOWER GEL,GEL,,65.00,3,,
STYLE UP SHOWER GEL,GEL,,30.00,9,,
IDEAL SETTING LOTION,LOTION,,45.00,1,,
IDEAL LEAVE IN,Uncategorized,,45.00,0,,
CLAIRMEN SHOWER GEL S/S,GEL,,24.00,2,,
CLAIRMEN SHOWER GELB/S,GEL,,40.00,16,,
VIP SHOWER GEL,GEL,,18.00,2,,
PAWPAW SHOWER GEL,GEL,,24.00,2,,
GLUTA WHITE SHOWER GEL,GEL,,40.00,17,,
CAROTONE SHOWER GEL,GEL,,30.00,8,,
KLEANZ SHOWER GEL,GEL,,24.00,4,,
FRUIZER SHOWER GEL B/S,GEL,,70.00,3,,
YAZZ PAD,PAD,,15.00,23,,
BLESSING PAD,PAD,,8.00,15,,
SOFTCARE PAD,PAD,,15.00,12,,
YAZZ PANTY LINER,Uncategorized,,13.00,13,,
YAZZ BABY WIPE,Uncategorized,,18.00,0,,
YAZZ T ROLL,Uncategorized,,33.00,1,,
YAZZ KITCHEN TOWEL,Uncategorized,,25.00,5,,
YAZZ TABLE TISSUE,Uncategorized,,7.00,30,,
BOBO T ROLL,Uncategorized,,24.00,12,,
ECO T ROLL,Uncategorized,,30.00,0,,
CARMEL ANTISEPTIC S/S,Uncategorized,,15.00,0,,
CARMEL ANTISEPTIC M/S,Uncategorized,,24.00,0,,
CARMEL ANTISEPTIC B/S,Uncategorized,,45.00,1,,
MADAR ZONE M/S,Uncategorized,,12.00,16,,
PEPSODENT B/S,Uncategorized,,18.00,27,,
PEPSODENT S/S,Uncategorized,,12.00,3,,
PEPSODENT CHARCOAL,Uncategorized,,20.00,3,,
KEY SOAP BAR,SOAP,,22.00,5,,
AMONIA SOAP B/S,SOAP,,9.00,4,,
AMONIA SOAP S/S,SOAP,,6.00,15,,
FLASH SOAP S/S,SOAP,,6.00,21,,
JAMAA SOAP B/S,SOAP,,8.00,22,,
JAMAA SOAP M/S,SOAP,,6.00,28,,
MEDISOFT SOAP,SOAP,,35.00,11,,
IRISH SPRING SOAP PCS,SOAP,,15.00,0,,
MEDITWIST SOAP,SOAP,,35.00,0,,
CUSSON SOAP,SOAP,,35.00,74,,
ALIFE SOAP S/S,SOAP,,4.00,18,,
ALIFE SOAP B/S,SOAP,,8.00,5,,
JULIET SOAP,SOAP,,8.00,19,,
MABEL SOAP,SOAP,,5.00,31,,
JUMBO SOAP,SOAP,,10.00,20,,
GEISHA SOAP M/S,SOAP,,11.00,11,,
PERLA SOAP S/S,SOAP,,4.00,14,,
KLEESOFT SOAP S/S,SOAP,,4.00,29,,
KLEESOFT SOAP B/S,SOAP,,7.00,27,,
ATHENA SOAP,SOAP,,5.00,15,,
AVRIL SOAP S/S,SOAP,,4.00,32,,
AVRIL SOAP B/S,SOAP,,6.00,27,,
KLEESOFT WASHING POWDER B/S,POWDER,,45.00,0,,
SO KLIN S/S,Uncategorized,,1.50,85,,
SO KLIN M/S,Uncategorized,,3.00,1,,
DOFFI WASHING POWDER,POWDER,,2.00,48,,
MOSSE WASHING POWDER,POWDER,,2.00,77,,
PEPSODENT SACHET,Uncategorized,,1.00,215,,
ALATA SOAP CONTAINER,SOAP,,35.00,10,,
CARBOLIC SOAP,SOAP,,5.00,32,,
CARBOLIC(GREEN AND RED) SOAP,SOAP,,2.00,14,,
OBOLO SOAP B/S,SOAP,,12.00,64,,
OBOLO SOAP S/S,SOAP,,6.00,91,,
FIRST LADY CR S/S,CREAM,,12.00,6,,
FIRST LADY CR B/S,CREAM,,18.50,4,,
DAY BY DAY MEN RUBB B/S,Uncategorized,,14.00,6,,
AGE BALANCE LOT,LOTION,,50.00,1,,
PALMERS COCOA BUTTER LOT,LOTION,,135.00,1,,
PALMERS SKIN THERAPY OIL,Uncategorized,,170.00,0,,
PALMERS MOISTURIZES OIL,Uncategorized,,120.00,0,,
BABY FACE LOT,LOTION,,100.00,0,,
ACNE CLEAR FACIAL FOAM,Uncategorized,,35.00,1,,
BISMID SHOWER GEL,GEL,,100.00,2,,
SKIN DOCTOR SHOWER GEL,GEL,,100.00,1,,
E WHITE BODY LOT,LOTION,,120.00,3,,
KOJIE - SAN FACE CR,CREAM,,40.00,0,,
KORMESIC PEEL- OFF MASK,Uncategorized,,15.00,2,,
SECRET HERBS HAIR MOISTURIZER,Uncategorized,,45.00,0,,
FINAL GLOW BODY LOT,LOTION,,120.00,3,,
NEUTROGENA BLACKHEAD,Uncategorized,,60.00,1,,
STIVES FACIAL SCRUB,Uncategorized,,45.00,2,,
MALIZIA HAIR SPRAY M/S,SPRAY,,40.00,1,,
DEAR BODY SCRUB,Uncategorized,,35.00,7,,
DEAR BODY DEO,Uncategorized,,48.00,2,,
DEAR BODY HAIR SPRAY,SPRAY,,20.00,5,,
ACTIVE BALANCE LOT,LOTION,,120.00,2,,
ACTIVE CAVIAR DRIP LOT,LOTION,,120.00,2,,
ACTIVE CAVIAR GLOW LOT,LOTION,,150.00,3,,
RAPID BEAUTY BODY LOT,LOTION,,120.00,2,,
FILIPINO BODY LOT,LOTION,,120.00,1,,
EXENCE WHITE BODY LOT & CO,LOTION,,200.00,7,,
PURE EGYPTIANS GOLD LOT,LOTION,,95.00,0,,
REAL GOLD BODY LOT,LOTION,,100.00,1,,
ORBI BODY LOT,LOTION,,100.00,2,,
OLAY BODY LOT,LOTION,,250.00,2,,
LUMINE GOLD LOT,LOTION,,120.00,0,,
PARLEY BODY LOT,LOTION,,100.00,4,,
PARLEY FULL BODY LOT,LOTION,,75.00,5,,
GLUTATHIONE BODY LOT,LOTION,,45.00,3,,
SECRET WHITE BODY LOT,LOTION,,70.00,1,,
TOUCH GLOW BODY LOT,LOTION,,60.00,3,,
VASELINE DAILY BRIGHTENING LOT,LOTION,,150.00,1,,
KOJIC INJECTION BODY LOT,LOTION,,120.00,2,,
VIBE BODY LOT,LOTION,,45.00,4,,
VIBE SHOWER GEL,GEL,,50.00,2,,
FC MULTI FRUIT,Uncategorized,,75.00,2,,
FC BLEMISH CONTROL LOT,LOTION,,65.00,1,,
FC CREAM,Uncategorized,,37.00,1,,
FC SOAP,SOAP,,35.00,1,,
HEAVENSCENT CREAM,Uncategorized,,35.00,16,,
HEAVENSCENT LOT,LOTION,,35.00,30,,
TUMERIC VITAMIN C FACIAL,Uncategorized,,50.00,1,,
TUMERIC AND HONEY FACIAL,Uncategorized,,50.00,0,,
24K FACE CR,Uncategorized,,50.00,3,,
GLUTAONE INJECTION FACE CR,CREAM,,45.00,3,,
PIMENT FACE CR,CREAM,,30.00,1,,
3 IN ONE KOJIC FACIAL,Uncategorized,,50.00,2,,
ANTI PIMPLE FACIAL,Uncategorized,,50.00,1,,
VEETGOLD TUMERIC SOAP,SOAP,,50.00,1,,
TUMERIC SOAP,SOAP,,30.00,4,,
KOJIE-SAN SOAP,SOAP,,22.00,41,,
SKIN MAGNET LOT,LOTION,,28.00,11,,
RAPID CLAIR LOT B/S,LOTION,,100.00,1,,
RAPID CLAIR LOT S/S,LOTION,,60.00,2,,
GLUPA BODY LOT,LOTION,,120.00,3,,
TENDER WHITE LOT B/S,LOTION,,44.00,3,,
SKIN SUCCESS PALMERS,Uncategorized,,130.00,1,,
MISS WHITE LOT,LOTION,,130.00,1,,
BABY MED LOT,LOTION,,38.00,4,,
BEBE SUISSE,Uncategorized,,20.00,4,,
7/17 KIDS RELAXER S/S,RELAXER,,13.00,12,,
7/17 KIDS RELAXER B/S,RELAXER,,20.00,4,,
COLOUR ME SPRAY,SPRAY,,50.00,2,,
NOW PERFUME,Uncategorized,,230.00,0,,
LE SPRAY,SPRAY,,24.00,2,,
RED DIAMOND PERFUME,Uncategorized,,100.00,1,,
ASANTE SOAP,SOAP,,20.00,1,,
KOJIC WHITE SHOWER GEL,GEL,,100.00,2,,
NANO SHOWER GEL,GEL,,100.00,2,,
SECRET FORMULA SHOWER GEL,GEL,,45.00,4,,
SECRET FORMULA SHOWER GEL SCRUB,GEL,,60.00,4,,
MALIZIA SHOWER GEL,GEL,,60.00,3,,
OLAYBACT SHOWER GEL,GEL,,70.00,1,,
FASHION FAIR TUBE,Uncategorized,,19.00,10,,
PURE MAX FACIAL,Uncategorized,,50.00,0,,
LOMANI CODE SPRAY,SPRAY,,150.00,1,,
MOUSUF SPLASH,Uncategorized,,55.00,0,,
ROUSHUN VC GLOWING OIL,Uncategorized,,40.00,0,,
ROUSHUN TUMERIC FACE WASH,Uncategorized,,60.00,1,,
ROUSHUN VITAMIN E SERUM,Uncategorized,,35.00,0,,
FAIR CHILD SHOWER GEL,GEL,,45.00,1,,
DAY BY DAY SHOWER GEL,GEL,,30.00,3,,
BRUT DEO SPRAY,SPRAY,,40.00,6,,
AXE DEO SPRAY B/S,SPRAY,,45.00,2,,
AXE DEO SPRAY S/S,SPRAY,,35.00,5,,
ELEMENT TIN SPRAY,SPRAY,,25.00,6,,
SOCCER DEO SPRAY,SPRAY,,30.00,6,,
VIBE ROLL ON,ROLL ON,,20.00,5,,
EXPLORE TIN SPRAY,SPRAY,,28.00,5,,
CT PLUS CARROT LOT,LOTION,,34.00,5,,
TURA SOAP,SOAP,,5.00,1,,
DR.DAVEY DARK KNUACKLE,Uncategorized,,60.00,3,,
JRA CREAM M/S,CREAM,,18.00,6,,
JRA CREAM M/S2,CREAM,,22.00,6,,
JRA CREAM S/S,CREAM,,10.00,14,,
JRA CREAM B/S,CREAM,,38.00,0,,
BOMB SPLASH,Uncategorized,,15.00,2,,
NABEEZ SPRAY,SPRAY,,160.00,1,,
MR. ENGLAND SPRAY,SPRAY,,150.00,3,,
LA NUIT ROSE PERFUME,Uncategorized,,150.00,1,,
ESCANDEL KING PERFUME,Uncategorized,,150.00,1,,
A1 RELAXER B/S,RELAXER,,195.00,0,,
IC RELAXER,RELAXER,,125.00,5,,
LUSH RELAXER,RELAXER,,85.00,0,,
B. O 16 HAIR FOOD,Uncategorized,,18.00,22,,
WRITER SPRAY S/S,SPRAY,,40.00,1,,
DR. RASHEL SKIN CARE SERUM,Uncategorized,,100.00,2,,
COCOA PULP LOT S/S,LOTION,,22.00,12,,
COCOA PULP LOT B/S,LOTION,,40.00,1,,
JEBA HAIR FOOD S/S,Uncategorized,,22.00,4,,
JEBA HAIR FOOD M/S,Uncategorized,,35.00,6,,
JEBA HAIR FOOD B/S,Uncategorized,,49.00,1,,
SIMPLE FACIAL WASH,Uncategorized,,65.00,8,,
RED ROSE PERFUME OIL,Uncategorized,,14.00,8,,
SUPER BLACK,Uncategorized,,14.00,1,,
MOVATE/LEMOVATE,Uncategorized,,11.00,5,,
TOP GEL PLUS,GEL,,12.00,0,,
CHARCOAL MASK,Uncategorized,,15.00,2,,
FAR AWAY TIN SPRAY,SPRAY,,28.00,6,,
NESO TIN,Uncategorized,,34.00,5,,
ELOPE TIN,Uncategorized,,34.00,6,,
COOL BREEZE TIN,Uncategorized,,34.00,6,,
ERATO TIN,Uncategorized,,44.00,4,,
EXTRA STRONG PEELING OIL,Uncategorized,,45.00,0,,
ALOE VERA & VITAMIN C GEL,GEL,,35.00,7,,
TOP COLLECTION DEO SPRAY,SPRAY,,18.00,3,,
PIMENT DOUX SERUM,Uncategorized,,38.00,9,,
AMIS SOAP SCRUB,SOAP,,65.00,0,,
VITAMIN E CAPSULE,Uncategorized,,18.00,3,,
NAOMI TUBE,Uncategorized,,10.00,3,,
NOVA COCOA BUTTER LOT S/S,LOTION,,14.00,3,,
NOVA COCOA BUTTER LOT B/S,LOTION,,24.00,3,,
JERGENS BODY LOT,LOTION,,170.00,2,,
B. O 16 CONDITION AND SHAMPOO,Uncategorized,,35.00,1,,
DR JOHNSON BALM B/S,Uncategorized,,18.00,12,,
DR JOHNSON BALM S/S,Uncategorized,,9.00,12,,
SCISSORS,Uncategorized,,6.00,11,,
BREEZE AIR FRESHNER,Uncategorized,,12.00,18,,
BUTTERFLY AIR FRESHNER,Uncategorized,,6.00,119,,
NAZO PIECES,Uncategorized,,4.00,131,,
NAZO PACKS,Uncategorized,,35.00,12,,
SO KLIN AFTERWASH PIECES,Uncategorized,,5.00,24,,
SO KLIN AFTERWASH LINE,Uncategorized,,45.00,3,,
ANGOLA TOOTHPASTE,Uncategorized,,8.00,6,,
CHARLIE TOOTHPASTE,Uncategorized,,8.00,1,,
YAZZ ADULT TOOTHBRUSH,Uncategorized,,3.00,36,,
YAZZ KIDS TOOTHBRUSH,Uncategorized,,2.00,24,,
KIDS TOOTHBRUSH,Uncategorized,,2.00,22,,
SUNLIGHT LIQUID SOAP,SOAP,,24.00,3,,
KLEANZ HAND SANITIZER M/S,Uncategorized,,20.00,4,,
KLEANZ HAND SANITIZER S/S,Uncategorized,,4.00,3,,
BELLE VIE BATHING SOAP,SOAP,,35.00,4,,
SECRET FORMULA BATHING SOAP,SOAP,,55.00,3,,
BLADE PACK,Uncategorized,,2.00,14,,
EAR BUD,Uncategorized,,1.50,4,,
COTTON BUD,Uncategorized,,20.00,7,,
BEAUTY FORMULA SERUM,Uncategorized,,38.00,5,,
ERA CAR AIR FRESHENER,Uncategorized,10.00,15.00,17,,
PERDICURE SET,Uncategorized,120.00,150.00,1,,
FRAGRANCE WORLD PERFUME,Uncategorized,110.00,150.00,20,,
WRITER PERFUME B/S,Uncategorized,170.00,190.00,0,,
SECRET AMOR BODY SPLASH,Uncategorized,50.00,55.00,4,,
MATELOT WITH ROLL ON PACK,Uncategorized,120.00,160.00,2,,
RICHMAN PERFUME,Uncategorized,135.00,175.00,0,,
HOT PERFUME AND MANCERA PERFUME,Uncategorized,85.00,120.00,2,,
RAMZ LATTAFA,Uncategorized,180.00,220.00,1,,
NO. 3 PERFUME,Uncategorized,54.00,58.00,2,,
VANILLA CRUSH,Uncategorized,24.00,30.00,9,,
EAU DE PERFUME,Uncategorized,24.00,35.00,14,,
"I AM WHITE, GOLD & DIAMOND CREAM",Uncategorized,145.00,190.00,18,,
VEET GOLD SCRUB ALL TYPES,Uncategorized,75.00,80.00,5,,
PALMERS CREAM,Uncategorized,140.00,160.00,1,,
DR TEALS SCRUB,Uncategorized,85.00,100.00,0,,
BLOOMS TOUCH,Uncategorized,8.00,10.00,17,,
ECOGEL M/S,Uncategorized,40.00,45.00,2,,
ECOGEL B/S,Uncategorized,70.00,70.00,1,,
H20 NATURAL CREAM,Uncategorized,18.00,20.00,10,,
PURE SKIN LOTION,Uncategorized,19.00,22.00,6,,
SOAP TUMERIC,Uncategorized,28.00,30.00,6,,
SHAMPOO AND CONDITIONER SET,Uncategorized,45.00,60.00,1,,
PEDICURE SET,Uncategorized,140.00,150.00,1,,
EASY GLOW SHOWER GEL,Uncategorized,120.00,140.00,2,,
BODY MILK LOT,Uncategorized,60.00,80.00,1,,
MADAR ZONE B/S,Uncategorized,11.00,15.00,7,,
PERFUME BALLS,Uncategorized,14.00,15.00,38,,
MADAR RENZO B/S,Uncategorized,16.00,18.00,17,,
MADAR RENZO M/S,Uncategorized,10.00,12.00,24,,
MADAR RENZO S/SLS,Uncategorized,4.00,6.00,23,,
MADAR GETTOL B/S,Uncategorized,24.00,30.00,17,,
MADAR GETTOL M/S,Uncategorized,10.00,18.00,23,,
HAIR BRUSH B/S,Uncategorized,7.50,9.00,12,,
HAIR BRUSH S/S RUBBER,Uncategorized,3.00,4.00,9,,
LIP BALM,Uncategorized,14.00,18.00,16,,
RICHMAN PERFUME S/S,Uncategorized,40.00,45.00,5,,
FACE TOWEL B/S,Uncategorized,10.00,12.00,5,,
FACE TOWEL S/S,Uncategorized,4.00,6.00,7,,
1 TAIL COMB,Uncategorized,1.00,2.00,59,,
2 TAIL COMB,Uncategorized,1.50,2.00,60,,
AFRO COMB M/S,Uncategorized,3.00,4.00,9,,
SUNLIGHT SOAP,Uncategorized,5.00,5.50,48,,
GEISHA BLACK SOAP,Uncategorized,13.00,15.00,15,,
PEPSODENT DOUBLE,Uncategorized,27.00,30.00,14,,
KOL TOILET ROLL,Uncategorized,44.00,48.00,2,,
PEPSODENT KIDS TOOTHPASTE,Uncategorized,7.00,9.00,4,,
CARROT SOAP,Uncategorized,8.00,10.00,8,,
SOAP TURA,Uncategorized,4.00,5.00,2,,
KOJIC PAPAYA SOAP,Uncategorized,25.00,30.00,4,,
IMPERIAL LEATHER SOAP B/S,Uncategorized,10.00,15.00,2,,
HAIR AND BEARD OIL,Uncategorized,20.00,30.00,5,,
MASS GEL S/S,Uncategorized,7.00,10.00,30,,
PINK LIPS S/S,Uncategorized,10.00,15.00,0,,
HAND CREAM,Uncategorized,5.00,7.00,7,,
MIKI LIQUID SHOE POLISH BLACK,Uncategorized,8.00,10.00,11,,
MIKI LIQUID SHOE POLISH BROWN,Uncategorized,10.00,10.00,12,,
WILDWOLF SHOE POLISH BLACK,Uncategorized,12.00,15.00,10,,
QUICK SHINE POLISH,Uncategorized,7.00,8.00,8,,
PURE LOVE TIN,Uncategorized,26.00,30.00,4,,
MASS GEL M/S,Uncategorized,17.00,20.00,2,,
IDEAL HAIR FOOD B/S,Uncategorized,45.00,58.00,2,,
SURE ROLL ON,Uncategorized,18.00,20.00,6,,
YAZZ KITCHEN TOWEL B/S,Uncategorized,30.00,35.00,18,,
BLACK SOCKS B/S,Uncategorized,5.00,6.00,10,,
STAY YOUNG CREAM S/S,Uncategorized,8.00,10.00,12,,
CHOCHO CREAM TUBE,Uncategorized,8.00,10.00,5,,
MERCY CREAM TUBE,Uncategorized,9.00,10.00,1,,
SUNSHINE AIR FRESHENER FLAT,Uncategorized,6.00,8.00,19,,
SUNSHINE AIR FRESHENER CONTAINER,Uncategorized,8.00,10.00,11,,
FATALA MOSQUITO SPRAY B/S,Uncategorized,40.00,45.00,12,,
FATALA MOSQUITO SPRAY S/S,Uncategorized,24.00,24.00,21,,
LORD SHAVING STICK,Uncategorized,6.00,8.00,29,,
JOHNSON BABY OIL M/S,Uncategorized,42.00,48.00,2,,
JOHNSON BABY OIL S/S,Uncategorized,32.00,38.00,1,,
DIPROSON TUBE,Uncategorized,7.50,9.00,11,,
COLOURANT HAIR DYE,Uncategorized,54.00,58.00,2,,
SPARK TOUCH PERFUME,Uncategorized,18.00,20.00,9,,
PRINCESS PAA ALOE VERA CREAM B/S,Uncategorized,22.00,25.00,4,,
IDEAL CONDITIONER,Uncategorized,48.00,54.00,5,,
IDEAL SHAMPOO,Uncategorized,38.00,45.00,3,,
COLLAGEN CREAM,Uncategorized,40.00,50.00,4,,
COLLAGEN SERUM,Uncategorized,40.00,50.00,6,,
COLLAGEN MOISTURIZER,Uncategorized,50.00,65.00,6,,
COLLAGEN SOAP,Uncategorized,30.00,40.00,12,,
DISAAR FACIAL,Uncategorized,40.00,45.00,6,,
DISAAR SUNSCREEN,Uncategorized,45.00,50.00,24,,
HEEL BALM,Uncategorized,12.00,15.00,56,,
24K COLLAGEN FACIAL CREAM,Uncategorized,30.00,45.00,4,,
INTIMATE SPRAY,Uncategorized,30.00,40.00,2,,
FRESH VAGINAL WASH,Uncategorized,25.00,28.00,4,,
PEPSODENT CHARCOAL VERY SMALL SIZE,Uncategorized,5.00,6.00,9,,
ROUSHON VITAMIN C SERUM,Uncategorized,30.00,35.00,2,,
LOTION ECCLAIRCISSANT,Uncategorized,25.00,35.00,11,,
FATALA MOSQUITO COIL,Uncategorized,7.00,8.00,8,,
PURE BLACK ORIGINAL PERFUME,Uncategorized,80.00,100.00,5,,
NOSE MASK,Uncategorized,0.95,1.00,95,,
FLIPFLOP B/S,Uncategorized,10.00,12.00,14,,
SECRET PERFUME OIL,Uncategorized,13.00,15.00,30,,
ALATA SOAP B/S,Uncategorized,8.00,10.00,9,,
ALATA SOAP,Uncategorized,4.00,5.00,21,,
COMFORT AFTERWASH,Uncategorized,1.50,2.00,100,,
SUPER GLUE,Uncategorized,2.00,2.50,9,,
CAMPHOR SACHET S/S,Uncategorized,1.50,2.00,9,,
CHALLENGE AND BALIA SPRAY S/S,Uncategorized,4.50,5.00,20,,
FAULTLESS STARCH SPRAY,Uncategorized,40.00,45.00,11,,
VASELINE DAILY BRIGHTENING,Uncategorized,100.00,120.00,2,,
FRUISER SHOWER GEL S/S,Uncategorized,30.00,35.00,2,,
VASELINE DRY SKIN REPAIR,Uncategorized,130.00,150.00,1,,
CAROTONE OIL,Uncategorized,10.00,12.00,2,,
OBAAPA S/S,Uncategorized,7.00,10.00,4,,
FUNTONE SOAP,Uncategorized,3.00,3.50,18,,
SNAIL WHITE LOT,Uncategorized,28.00,30.00,2,,
EMERGENCY SPRAY S/S,Uncategorized,10.00,12.00,4,,
PHARMADERM INTIMATE WASH,Uncategorized,20.00,25.00,2,,
DISAAR VITAMIN C & OTHERS,Uncategorized,20.00,28.00,63,,
AQUALIS SHOWER GEL,Uncategorized,55.00,65.00,4,,
VICTORIA WORLD SPLASH B/S,Uncategorized,25.00,30.00,5,,
FAR AWAY BODY SPLASH,Uncategorized,25.00,30.00,6,,
